"ID","UserID","0","1","1000","1001","AK09911 Magnetometer","AK09911 Magnetometer -Wakeup Secondary","AK09911 Magnetometer -Wakeup Secondary Accuracy","AK09911 Magnetometer Accuracy","AK09911 Magnetometer Uncalibrated","AK09911 Magnetometer Uncalibrated -Wakeup Secondary","AK09911 Magnetometer Uncalibrated -Wakeup Secondary Accuracy","AK09911 Magnetometer Uncalibrated Accuracy","AMD","AMD Accuracy","BMP280 Pressure","BMP280 Pressure -Wakeup Secondary","BMP280 Pressure -Wakeup Secondary Accuracy","BMP280 Pressure Accuracy","Coarse Motion Classifier","Coarse Motion Classifier Accuracy","Date","ExitClicked","Game Rotation Vector","Game Rotation Vector -Wakeup Secondary","Game Rotation Vector -Wakeup Secondary Accuracy","Game Rotation Vector Accuracy","Gaze Detector -Wakeup","Gaze Detector -Wakeup Accuracy","Gaze Detector Secondary","Gaze Detector Secondary Accuracy","GeoMagnetic Rotation Vector","GeoMagnetic Rotation Vector -Wakeup Secondary","GeoMagnetic Rotation Vector -Wakeup Secondary Accuracy","GeoMagnetic Rotation Vector Accuracy","Gravity","Gravity -Wakeup Secondary","Gravity -Wakeup Secondary Accuracy","Gravity Accuracy","Heart Rate Monitor","Heart Rate Monitor -Wakeup Secondary","Heart Rate Monitor -Wakeup Secondary Accuracy","Heart Rate Monitor Accuracy","ICP-10100 Pressure","ICP-10100 Pressure -Wakeup Secondary","ICP-10100 Pressure -Wakeup Secondary Accuracy","ICP-10100 Pressure Accuracy","LSM6DS3 Accelerometer","LSM6DS3 Accelerometer -Wakeup Secondary","LSM6DS3 Accelerometer -Wakeup Secondary Accuracy","LSM6DS3 Accelerometer Accuracy","LSM6DS3 Accelerometer Uncalibrated","LSM6DS3 Accelerometer Uncalibrated -Wakeup Secondary","LSM6DS3 Accelerometer Uncalibrated -Wakeup Secondary Accuracy","LSM6DS3 Accelerometer Uncalibrated Accuracy","LSM6DS3 Gyroscope","LSM6DS3 Gyroscope -Wakeup Secondary","LSM6DS3 Gyroscope -Wakeup Secondary Accuracy","LSM6DS3 Gyroscope Accuracy","LSM6DS3 Gyroscope Uncalibrated","LSM6DS3 Gyroscope Uncalibrated -Wakeup Secondary","LSM6DS3 Gyroscope Uncalibrated -Wakeup Secondary Accuracy","LSM6DS3 Gyroscope Uncalibrated Accuracy","LTR308 ALSPS","LTR308 ALSPS -Wakeup Secondary","LTR308 ALSPS -Wakeup Secondary Accuracy","LTR308 ALSPS Accuracy","Linear Acceleration","Linear Acceleration -Wakeup Secondary","Linear Acceleration -Wakeup Secondary Accuracy","Linear Acceleration Accuracy","Orientation","Orientation -Wakeup Secondary","Orientation -Wakeup Secondary Accuracy","Orientation Accuracy","PAH8011 PPG","PAH8011 PPG -Wakeup Secondary","PAH8011 PPG -Wakeup Secondary Accuracy","PAH8011 PPG Accuracy","PAH8011 Touch","PAH8011 Touch -Wakeup Secondary","PAH8011 Touch -Wakeup Secondary Accuracy","PAH8011 Touch Accuracy","Pedometer","Pedometer Accuracy","QuitClicked","RMD","RMD Accuracy","Rotation Vector","Rotation Vector -Wakeup Secondary","Rotation Vector -Wakeup Secondary Accuracy","Rotation Vector Accuracy","Significant Motion Detector","StartClicked","Step Counter","Step Counter -Wakeup Secondary","Step Counter -Wakeup Secondary Accuracy","Step Counter Accuracy","Step Detector","Step Detector -Wakeup Secondary","Step Detector -Wakeup Secondary Accuracy","Step Detector Accuracy","Time","TraceTime","UnGaze Detector","UnGaze Detector Accuracy","Wrist Tilt Gesture","Wrist Tilt Gesture Accuracy","tsl258x-light","tsl258x-light Accuracy"
"7923","vapor2","","","","","","","","","","","","","","","","","","","","","2019-09-03","","","","","","","","","","","","","","","","","","","","","","","","","","","","","","","","","","","","","","","","","","","","","","","","","","","","","","","","","","","","","","","","1","","","","","","","","","","","","","","","","","11:49:02.566","","","","","","",""
"7924","vapor2","","","","1","","","","","","","","","","","","","","","","","2019-09-03","","","","","","","","","","","","","","","","","","","","","","","","","","","","","","","","","","","","","","","","","","","","","","","","","","","","","","","","","","","","","","","","","","","","","","","","","","","","","","","","","11:49:05.399","","","","","","",""
"7925","vapor2","","","","","","","","","","","","","","","","","","","","","2019-09-03","","","","","","","","","","","","","","","","","","","","","","","","","","","","","","","","","","","","","","","","","","","","","","","","","","","","","","","","","","","","","","","","","","","","","","","","1","","","","","","","","","11:49:22.404","","","","","","",""
"7926","vapor2","","","","","","","","","","","","","[2, 0, 0, 0, 0, 0, 0, 0, 0, 0, 0, 0, 0, 0, 0, 0]","3","","","","","","","2019-09-03","","[0.17459592, 0.10264655, 0.70262635, 0.68212616]","[0.17459592, 0.10264655, 0.70262635, 0.68212616]","3","3","","","[0, 0, 0, 0, 0, 0, 0, 0, 0, 0, 0, 0, 0, 0, 0, 0]","3","","","","","[1.0327934, 3.7504282, 9.002111]","[1.0327934, 3.7504282, 9.002111]","3","3","","[0]","0","","[1004.557]","[1004.557]","3","3","[0.99472046, 3.8053741, 9.133713]","[0.99472046, 3.8053741, 9.133713]","2","2","[0.99472046, 3.8053741, 9.133713, 0, 0, 0]","[0.99472046, 3.8053741, 9.133713, 0, 0, 0]","3","3","[-7.7819824E-4, -0.015411377, 0.03715515]","[-7.7819824E-4, -0.015411377, 0.03715515]","3","3","[0.007217407, 0.03555298, 4.8828125E-4, 0.0079956055, 0.050964355, -0.03666687]","[0.007217407, 0.03555298, 4.8828125E-4, 0.0079956055, 0.050964355, -0.03666687]","3","3","[783]","[783]","3","3","[-0.053188562, 5.6266785E-5, -1.4972687E-4]","[-0.053188562, 5.6266785E-5, -1.4972687E-4]","3","3","","","","","[1.492599E-39, 2.184951E-39, 128, 0, 0, 0, 0, 0, 0, 0, 0, 0, 0, 0, 0, 0]","","","3","[1]","[1]","3","3","","","","[1, 0, 0, 0, 0, 0, 0, 0, 0, 0, 0, 0, 0, 0, 0, 0]","3","","","","","","","[8220]","[1]","3","3","","","","","11:49:24.525","","","","","","",""
"7927","vapor2","","","1","","","","","","","","","","","","","","","","","","2019-09-03","","","","","","","","","","","","","","","","","","","","","","","","","","","","","","","","","","","","","","","","","","","","","","","","","","","","","","","","","","","","","","","","","","","","","","","","","","","","","","","","","11:49:24.996","","","","","","",""
"7928","vapor2","","1","","","","","","","","","","","","","","","","","","","2019-09-03","","","","","","","","","","","","","","","","","","","","","","","","","","","","","","","","","","","","","","","","","","","","","","","","","","","","","","","","","","","","","","","","","","","","","","","","","","","","","","","","","11:49:27.102","","","","","","",""
"7929","vapor2","","","","","","","","","","","","","[2, 0, 0, 0, 0, 0, 0, 0, 0, 0, 0, 0, 0, 0, 0, 0]","3","","","","","","","2019-09-03","","[0.17842884, 0.13717286, 0.7042533, 0.6733306]","[0.17842884, 0.13717286, 0.7042533, 0.6733306]","3","3","","","[0, 0, 0, 0, 0, 0, 0, 0, 0, 0, 0, 0, 0, 0, 0, 0]","3","","","","","[0.6530523, 4.2511053, 8.813173]","[0.6530523, 4.2511053, 8.813173]","3","3","","[0]","0","","[1004.5533]","[1004.5533]","3","3","[0.5656891, 4.3334656, 8.920502]","[0.5656891, 4.3334656, 8.920502]","2","2","[0.5656891, 4.3334656, 8.920502, 0, 0, 0]","[0.5656891, 4.3334656, 8.920502, 0, 0, 0]","3","3","[0.0499115, 0.04396057, -0.013305664]","[0.0499115, 0.04396057, -0.013305664]","3","3","[0.057907104, 0.09492493, -0.049972534, 0.0079956055, 0.050964355, -0.03666687]","[0.057907104, 0.09492493, -0.049972534, 0.0079956055, 0.050964355, -0.03666687]","3","3","[55]","[55]","3","3","[-0.097803414, 0.014398575, -0.033566475]","[-0.097803414, 0.014398575, -0.033566475]","3","3","","","","","[1.56789E-39, 2.214835E-39, 128, 0, 0, 0, 0, 0, 0, 0, 0, 0, 0, 0, 0, 0]","","","3","[1]","[1]","3","3","","","","[1, 0, 0, 0, 0, 0, 0, 0, 0, 0, 0, 0, 0, 0, 0, 0]","3","","","","","","","[8220]","[1]","3","3","","","","","11:49:34.323","","","","","","",""
"7930","vapor2","","","","","","","","","","","","","","","","","","","","","2019-09-03","","","","","","","","","","","","","","","","","","","","","","","","","","","","","","","","","","","","","","","","","","","","","","","","","","","","","","","","","","","","","","","","","","","","","","","","","","","","","","","","","11:49:35.209","1","","","","","",""
"7931","vapor2","","","","","","","","","","","","","","","","","","","","","2019-09-03","","","","","","","","","","","","","","","","","","","","","","","","","","","","","","","","","","","","","","","","","","","","","","","","","","","","","","","","","","","","","","","","","","","","","","","","","","","","","","","","","11:49:38.664","0","","","","","",""
"7932","vapor2","","","","","","","","","","","","","","","","","","","","","2019-09-03","","","","","","","","","","","","","","","","","","","","","","","","","","","","","","","","","","","","","","","","","","","","","","","","","","","","","","","","","","","","","","","","","","","","","","","","","","","","","","","","","11:49:43.553","0","","","","","",""
"7933","vapor2","","","","","","","","","","","","","[2, 0, 0, 0, 0, 0, 0, 0, 0, 0, 0, 0, 0, 0, 0, 0]","3","","","","","","","2019-09-03","","[0.09481217, 0.13035588, 0.8565279, 0.49028346]","[0.020953506, 0.090967275, 0.88875264, 0.4487813]","3","3","[1, 0, 0, 0, 0, 0, 0, 0, 0, 0, 0, 0, 0, 0, 0, 0]","3","[1, 0, 0, 0, 0, 0, 0, 0, 0, 0, 0, 0, 0, 0, 0, 0]","3","","","","","[0.3392699, 3.101614, 9.297058]","[0.3392699, 3.101614, 9.297058]","3","3","","[0]","0","","[1004.53076]","[1004.53076]","3","3","[-0.32156372, 2.7357788, 9.338776]","[-0.32156372, 2.7357788, 9.338776]","2","2","[-0.32156372, 2.7357788, 9.338776, 0, 0, 0]","[-0.32156372, 2.7357788, 9.338776, 0, 0, 0]","3","3","[-0.23657227, 0.2137909, 0.5120239]","[-0.23657227, 0.2137909, 0.5120239]","3","3","[-0.22857666, 0.26475525, 0.47535706, 0.0079956055, 0.050964355, -0.03666687]","[-0.22857666, 0.26475525, 0.47535706, 0.0079956055, 0.050964355, -0.03666687]","3","3","[920]","[920]","3","3","[-0.5824776, 0.47782683, -1.0797462]","[-0.5824776, 0.47782683, -1.0797462]","3","3","","","","","[2.410849E-39, 4.660235E-39, 128, 0, 0, 0, 0, 0, 0, 0, 0, 0, 0, 0, 0, 0]","","","3","[1]","[1]","3","3","","","","[1, 0, 0, 0, 0, 0, 0, 0, 0, 0, 0, 0, 0, 0, 0, 0]","3","","","","","","","[8220]","[1]","3","3","","","","","11:49:44.412","","","","","","",""
"7934","vapor2","","","","","","","","","","","","","","","","","","","","","2019-09-03","","","","","","","","","","","","","","","","","","","","","","","","","","","","","","","","","","","","","","","","","","","","","","","","","","","","","","","","","","","","","","","","","","","","","","","","","","","","","","","","","11:49:50.411","2","","","","","",""
"7935","vapor2","","","","","","","","","","","","","[2, 0, 0, 0, 0, 0, 0, 0, 0, 0, 0, 0, 0, 0, 0, 0]","3","","","","","","","2019-09-03","","[0.03273068, 0.041894607, 0.70451814, 0.70769185]","[0.031297978, 0.04125679, 0.7045412, 0.7077712]","3","3","[1, 0, 0, 0, 0, 0, 0, 0, 0, 0, 0, 0, 0, 0, 0, 0]","3","[0, 0, 0, 0, 0, 0, 0, 0, 0, 0, 0, 0, 0, 0, 0, 0]","3","","","","","[-0.1292343, 1.0332041, 9.751214]","[-0.1292343, 1.0332041, 9.751214]","3","3","","[0]","0","","[1004.52313]","[1004.52313]","3","3","[-0.1078949, 1.0330353, 9.987473]","[-0.1078949, 1.0330353, 9.987473]","2","2","[-0.1078949, 1.0330353, 9.987473, 0, 0, 0]","[-0.1078949, 1.0330353, 9.987473, 0, 0, 0]","3","3","[0.0049591064, 0.016723633, 0.007827759]","[0.0049591064, 0.016723633, 0.007827759]","3","3","[0.012954712, 0.06768799, -0.028839111, 0.0079956055, 0.050964355, -0.03666687]","[0.012954712, 0.06768799, -0.028839111, 0.0079956055, 0.050964355, -0.03666687]","3","3","[845]","[845]","3","3","[0.02448903, -0.025349498, -0.0013923645]","[0.02448903, -0.025349498, -0.0013923645]","3","3","","","","","[1.19E-43, 0, 0, 0, 0, 0, 0, 0, 0, 0, 0, 0, 0, 0, 0, 0]","","","3","[0]","[0]","3","3","","","","[1, 0, 0, 0, 0, 0, 0, 0, 0, 0, 0, 0, 0, 0, 0, 0]","3","","","","","","","[8221]","[1]","3","3","","","","","11:49:54.364","","","","","","",""
"7936","vapor2","","","","","","","","","","","","","","","","","","","","","2019-09-03","","","","","","","","","","","","","","","","","","","","","","","","","","","","","","","","","","","","","","","","","","","","","","","","","","","","","","","","","","","","","","","","","","","","","","","","","","","","","","","","","11:49:57.829","2","","","","","",""
"7937","vapor2","","","","","","","","","","","","","","","","","","","","","2019-09-03","","","","","","","","","","","","","","","","","","","","","","","","","","","","","","","","","","","","","","","","","","","","","","","","","","","","","","","","","","","","","","","","1","","","","","","","","","","","","","","","","","11:50:01.208","","","","","","",""
"7938","vapor2","","","","","","","","","","","","","[2, 0, 0, 0, 0, 0, 0, 0, 0, 0, 0, 0, 0, 0, 0, 0]","3","","","","","","","2019-09-03","","[0.013551621, 0.02307495, 0.70918834, 0.7045111]","[0.013551621, 0.02307495, 0.70918834, 0.7045111]","3","3","[1, 0, 0, 0, 0, 0, 0, 0, 0, 0, 0, 0, 0, 0, 0, 0]","3","[0, 0, 0, 0, 0, 0, 0, 0, 0, 0, 0, 0, 0, 0, 0, 0]","3","","","","","[-0.13034818, 0.50821495, 9.792605]","[-0.13034818, 0.50821495, 9.792605]","3","3","","[0]","0","","[1004.52094]","[1004.52094]","3","3","[-0.154068, 0.53796387, 9.987228]","[-0.154068, 0.53796387, 9.987228]","2","2","[-0.154068, 0.53796387, 9.987228, 0, 0, 0]","[-0.154068, 0.53796387, 9.987228, 0, 0, 0]","3","3","[0.0038604736, -0.0053863525, 0.015029907]","[0.0038604736, -0.0053863525, 0.015029907]","3","3","[0.011856079, 0.045578003, -0.021636963, 0.0079956055, 0.050964355, -0.03666687]","[0.011856079, 0.045578003, -0.021636963, 0.0079956055, 0.050964355, -0.03666687]","3","3","[373]","[373]","3","3","[-0.021084681, 0.019474804, -0.0033445358]","[-0.021084681, 0.019474804, -0.0033445358]","3","3","","","","","[8.8E-44, 4.3E-44, 0, 0, 0, 0, 0, 0, 0, 0, 0, 0, 0, 0, 0, 0]","","","3","[0]","[0]","3","3","","","","[1, 0, 0, 0, 0, 0, 0, 0, 0, 0, 0, 0, 0, 0, 0, 0]","3","","","","","","","[8221]","[1]","3","3","","","","","11:50:04.341","","","","","","",""
"7939","vapor2","","","1","","","","","","","","","","","","","","","","","","2019-09-03","","","","","","","","","","","","","","","","","","","","","","","","","","","","","","","","","","","","","","","","","","","","","","","","","","","","","","","","","","","","","","","","","","","","","","","","","","","","","","","","","11:50:05.229","","","","","","",""
"7940","vapor2","","","","","","","","","","","","","","","","","","","","","2019-09-09","","","","","","","","","","","","","","","","","","","","","","","","","","","","","","","","","","","","","","","","","","","","","","","","","","","","","","","","","","","","","","","","","","","","","","","","1","","","","","","","","","09:09:46.285","","","","","","",""
"7941","vapor2","","","","","","","","","","","","","[2, 0, 0, 0, 0, 0, 0, 0, 0, 0, 0, 0, 0, 0, 0, 0]","3","","","","","","","2019-09-09","","[0.11028909, 0.38328043, 0.87134844, 0.28580457]","[0.07283557, 0.31954804, 0.91589534, 0.23177563]","3","3","[1, 0, 0, 0, 0, 0, 0, 0, 0, 0, 0, 0, 0, 0, 0, 0]","3","[1, 0, 0, 0, 0, 0, 0, 0, 0, 0, 0, 0, 0, 0, 0, 0]","3","","","","","[-0.2636627, 7.1685038, 6.68681]","[-0.14423004, 6.071376, 7.6998687]","3","3","","[0]","0","","[1008.71075]","[1008.71075]","3","3","[0.11177063, 5.0644684, 5.8531494]","[0.11177063, 5.0644684, 5.8531494]","2","2","[0.11177063, 5.0644684, 5.8531494, 0, 0, 0]","[0.11177063, 5.0644684, 5.8531494, 0, 0, 0]","3","3","[0.49339294, 1.0531921, 0.4580078]","[0.49339294, 1.0531921, 0.4580078]","3","3","[0.5059204, 1.1034546, 0.431015, 0.012527466, 0.05026245, -0.026992798]","[0.5059204, 1.1034546, 0.431015, 0.012527466, 0.05026245, -0.026992798]","3","3","[736]","[736]","3","3","[0.2903492, -0.5286598, 2.213554]","[0.2586372, -1.1178918, -1.9874725]","3","3","","","","","[3.747668E-39, 4.655251E-39, 128, 0, 0, 0, 0, 0, 0, 0, 0, 0, 0, 0, 0, 0]","","","3","[1]","[1]","3","3","","","","[1, 0, 0, 0, 0, 0, 0, 0, 0, 0, 0, 0, 0, 0, 0, 0]","3","","","","","","","[8269]","[2]","3","3","","","","","09:09:48.782","","","","","","",""
"7942","vapor2","","","","","","","","","","","","","[2, 0, 0, 0, 0, 0, 0, 0, 0, 0, 0, 0, 0, 0, 0, 0]","3","","","","","","","2019-09-09","","[0.2607267, 0.2438107, 0.66616607, 0.6548288]","[0.2607267, 0.2438107, 0.66616607, 0.6548288]","3","3","[1, 0, 0, 0, 0, 0, 0, 0, 0, 0, 0, 0, 0, 0, 0, 0]","3","[1, 0, 0, 0, 0, 0, 0, 0, 0, 0, 0, 0, 0, 0, 0, 0]","3","","","","","[0.27523413, 6.5341663, 7.3074837]","[0.27523413, 6.5341663, 7.3074837]","3","3","","[0]","0","","[1008.71484]","[1008.71484]","3","3","[0.24671936, 6.6458893, 7.4388733]","[0.24671936, 6.6458893, 7.4388733]","2","2","[0.24671936, 6.6458893, 7.4388733, 0, 0, 0]","[0.24671936, 6.6458893, 7.4388733, 0, 0, 0]","3","3","[0.016067505, 0.0060577393, 0.007446289]","[0.016067505, 0.0060577393, 0.007446289]","3","3","[0.02859497, 0.05632019, -0.019546509, 0.012527466, 0.05026245, -0.026992798]","[0.02859497, 0.05632019, -0.019546509, 0.012527466, 0.05026245, -0.026992798]","3","3","[754]","[754]","3","3","[-0.03193763, 0.030463696, 0.04051304]","[-0.03193763, 0.030463696, 0.04051304]","3","3","","","","","[7.4973E-40, 1.059206E-39, 128, 0, 0, 0, 0, 0, 0, 0, 0, 0, 0, 0, 0, 0]","","","3","[1]","[1]","3","3","","","","[1, 0, 0, 0, 0, 0, 0, 0, 0, 0, 0, 0, 0, 0, 0, 0]","3","","","","","","","[8270]","[2]","3","3","","","","","09:09:58.191","","","","","","",""
"7943","vapor2","","","","","","","","","","","","","[2, 0, 0, 0, 0, 0, 0, 0, 0, 0, 0, 0, 0, 0, 0, 0]","3","","","","","","","2019-09-09","","[0.25353467, 0.2147155, 0.6732038, 0.66061646]","[0.25353467, 0.2147155, 0.6732038, 0.66061646]","3","3","[1, 0, 0, 0, 0, 0, 0, 0, 0, 0, 0, 0, 0, 0, 0, 0]","3","[1, 0, 0, 0, 0, 0, 0, 0, 0, 0, 0, 0, 0, 0, 0, 0]","3","","","","","[0.56556726, 6.1200643, 7.641684]","[0.56556726, 6.1200643, 7.641684]","3","3","","[0]","0","","[1008.70703]","[1008.70703]","3","3","[0.6142578, 6.172592, 7.782242]","[0.6142578, 6.172592, 7.782242]","2","2","[0.6142578, 6.172592, 7.782242, 0, 0, 0]","[0.6142578, 6.172592, 7.782242, 0, 0, 0]","3","3","[-0.09461975, -0.0138549805, 0.020385742]","[-0.09461975, -0.0138549805, 0.020385742]","3","3","[-0.082092285, 0.03640747, -0.0066070557, 0.012527466, 0.05026245, -0.026992798]","[-0.082092285, 0.03640747, -0.0066070557, 0.012527466, 0.05026245, -0.026992798]","3","3","[650]","[650]","3","3","[0.03987491, -0.042867184, 0.021444798]","[0.03987491, -0.042867184, 0.021444798]","3","3","","","","","[6.96601E-40, 9.20339E-40, 128, 0, 0, 0, 0, 0, 0, 0, 0, 0, 0, 0, 0, 0]","","","3","[1]","[1]","3","3","","","","[1, 0, 0, 0, 0, 0, 0, 0, 0, 0, 0, 0, 0, 0, 0, 0]","3","","","","","","","[8270]","[2]","3","3","","","","","09:10:08.207","","","","","","",""
"7944","vapor2","","","","1","","","","","","","","","","","","","","","","","2019-09-09","","","","","","","","","","","","","","","","","","","","","","","","","","","","","","","","","","","","","","","","","","","","","","","","","","","","","","","","","","","","","","","","","","","","","","","","","","","","","","","","","09:10:11.206","","","","","","",""
"7945","vapor2","","1","","","","","","","","","","","","","","","","","","","2019-09-09","","","","","","","","","","","","","","","","","","","","","","","","","","","","","","","","","","","","","","","","","","","","","","","","","","","","","","","","","","","","","","","","","","","","","","","","","","","","","","","","","09:10:16.446","","","","","","",""
"7946","vapor2","","","","","","","","","","","","","[2, 0, 0, 0, 0, 0, 0, 0, 0, 0, 0, 0, 0, 0, 0, 0]","3","","","","","","","2019-09-09","","[0.2482375, 0.2224885, 0.6717709, 0.6615141]","[0.2482375, 0.2224885, 0.6717709, 0.6615141]","3","3","[1, 0, 0, 0, 0, 0, 0, 0, 0, 0, 0, 0, 0, 0, 0, 0]","3","[0, 0, 0, 0, 0, 0, 0, 0, 0, 0, 0, 0, 0, 0, 0, 0]","3","","","","","[0.38401756, 6.15218, 7.6271615]","[0.38401756, 6.15218, 7.6271615]","3","3","","[0]","0","","[1008.71295]","[1008.71295]","3","3","[0.38383484, 6.2075195, 7.726486]","[0.38383484, 6.2075195, 7.726486]","2","2","[0.38383484, 6.2075195, 7.726486, 0, 0, 0]","[0.38383484, 6.2075195, 7.726486, 0, 0, 0]","3","3","[-0.004333496, -0.011657715, 0.013671875]","[-0.004333496, -0.011657715, 0.013671875]","3","3","[0.00819397, 0.038604736, -0.013320923, 0.012527466, 0.05026245, -0.026992798]","[0.00819397, 0.038604736, -0.013320923, 0.012527466, 0.05026245, -0.026992798]","3","3","[761]","[761]","3","3","[-0.0048713386, -0.019774914, 0.006201744]","[-0.0048713386, -0.019774914, 0.006201744]","3","3","","","","","[7.2013E-40, 9.61226E-40, 128, 0, 0, 0, 0, 0, 0, 0, 0, 0, 0, 0, 0, 0]","","","3","[1]","[1]","3","3","","","","[1, 0, 0, 0, 0, 0, 0, 0, 0, 0, 0, 0, 0, 0, 0, 0]","3","","","","","","","[8270]","[2]","3","3","","","","","09:10:18.344","","","","","","",""
"7947","vapor2","","","","","","","","","","","","","","","","","","","","","2019-09-09","","","","","","","","","","","","","","","","","","","","","","","","","","","","","","","","","","","","","","","","","","","","","","","","","","","","","","","","","","","","","","","","","","","","","","","","","","","","","","","","","09:10:24.487","2","","","","","",""
"7948","vapor2","","","","","","","","","","","","","[2, 0, 0, 0, 0, 0, 0, 0, 0, 0, 0, 0, 0, 0, 0, 0]","3","","","","","","","2019-09-09","","[0.11906905, 0.12657188, 0.6823798, 0.7100422]","[0.11906905, 0.12657188, 0.6823798, 0.7100422]","3","3","[1, 0, 0, 0, 0, 0, 0, 0, 0, 0, 0, 0, 0, 0, 0, 0]","3","[1, 0, 0, 0, 0, 0, 0, 0, 0, 0, 0, 0, 0, 0, 0, 0]","3","","","","","[-0.16908729, 3.3521905, 9.21437]","[-0.16908729, 3.3521905, 9.21437]","3","3","","[0]","0","","[1008.69653]","[1008.69653]","3","3","[0.13020325, 5.0517883, 7.902603]","[0.13020325, 5.0517883, 7.902603]","2","2","[0.13020325, 5.0517883, 7.902603, 0, 0, 0]","[0.13020325, 5.0517883, 7.902603, 0, 0, 0]","3","3","[0.65270996, -0.41383362, -0.15065002]","[0.65270996, -0.41383362, -0.15065002]","3","3","[0.6652374, -0.36357117, -0.17764282, 0.012527466, 0.05026245, -0.026992798]","[0.6652374, -0.36357117, -0.17764282, 0.012527466, 0.05026245, -0.026992798]","3","3","[577]","[577]","3","3","[0.19629666, -0.5734067, -1.0405674]","[0.19629666, -0.5734067, -1.0405674]","3","3","","","","","[1.015084E-39, 7.46493E-40, 128, 0, 0, 0, 0, 0, 0, 0, 0, 0, 0, 0, 0, 0]","","","3","[1]","[1]","3","3","[1, 2, 70, -5.820766E-11, -6.1846084E-11, -8.858008E-11, 0, 0, -5.820766E-11, -5.9608374E-11, -6.184753E-11, 2.8E-45, -6.1846084E-11, -6.185613E-11, -5.9608374E-11, -5.844519E-11]","3","","[2, 0, 0, 0, 0, 0, 0, 0, 0, 0, 0, 0, 0, 0, 0, 0]","3","","","","","","","[8271]","[2]","3","3","[1]","[1]","3","3","09:10:28.221","","","","","","",""
"7949","vapor2","","","","","","","","","","","","","[2, 0, 0, 0, 0, 0, 0, 0, 0, 0, 0, 0, 0, 0, 0, 0]","3","","","","","","","2019-09-09","","[0.14751153, 0.19585814, 0.6692198, 0.7014448]","[0.14751153, 0.19585814, 0.6692198, 0.7014448]","3","3","[1, 0, 0, 0, 0, 0, 0, 0, 0, 0, 0, 0, 0, 0, 0, 0]","3","[1, 0, 0, 0, 0, 0, 0, 0, 0, 0, 0, 0, 0, 0, 0, 0]","3","","","","","[-0.75836843, 4.6001687, 8.627498]","[-0.75836843, 4.6001687, 8.627498]","3","3","","[0]","0","","[1008.6995]","[1008.6995]","3","3","[-0.6527405, 4.561264, 8.905197]","[-0.6527405, 4.561264, 8.905197]","2","2","[-0.6527405, 4.561264, 8.905197, 0, 0, 0]","[-0.6527405, 4.561264, 8.905197, 0, 0, 0]","3","3","[0.14801025, -0.2431488, 0.022705078]","[0.14801025, -0.2431488, 0.022705078]","3","3","[0.16053772, -0.19288635, -0.0042877197, 0.012527466, 0.05026245, -0.026992798]","[0.16053772, -0.19288635, -0.0042877197, 0.012527466, 0.05026245, -0.026992798]","3","3","[250]","[250]","3","3","[0.113324106, -0.085588455, 0.1901455]","[0.113324106, -0.085588455, 0.1901455]","3","3","","","","","[1.404782E-39, 1.032534E-39, 128, 0, 0, 0, 0, 0, 0, 0, 0, 0, 0, 0, 0, 0]","","","3","[1]","[1]","3","3","[1, 2, 70, -5.820766E-11, -6.1846084E-11, -8.858008E-11, 0, 0, -5.820766E-11, -5.9608374E-11, -6.184753E-11, 2.8E-45, -6.1846084E-11, -6.185613E-11, -5.9608374E-11, -5.844519E-11]","3","","[1, 0, 0, 0, 0, 0, 0, 0, 0, 0, 0, 0, 0, 0, 0, 0]","3","","","","","","","[8272]","[3]","3","3","[1]","[1]","3","3","09:10:38.190","","","","","","",""
"7950","vapor2","","","","","","","","","","","","","","","","","","","","","2019-09-09","","","","","","","","","","","","","","","","","","","","","","","","","","","","","","","","","","","","","","","","","","","","","","","","","","","","","","","","","","","","","","","","","","","","","","","","","","","","","","","","","09:10:39.288","2","","","","","",""
"7951","vapor2","","","","","","","","","","","","","","","","","","","","","2019-09-09","","","","","","","","","","","","","","","","","","","","","","","","","","","","","","","","","","","","","","","","","","","","","","","","","","","","","","","","","","","","","","","","","","","","","","","","","","","","","","","","","09:10:41.615","0","","","","","",""
"7952","vapor2","","","","","","","","","","","","","","","","","","","","","2019-09-09","","","","","","","","","","","","","","","","","","","","","","","","","","","","","","","","","","","","","","","","","","","","","","","","","","","","","","","","","","","","","","","","1","","","","","","","","","","","","","","","","","09:10:43.956","","","","","","",""
"7953","vapor2","","","1","","","","","","","","","","","","","","","","","","2019-09-09","","","","","","","","","","","","","","","","","","","","","","","","","","","","","","","","","","","","","","","","","","","","","","","","","","","","","","","","","","","","","","","","","","","","","","","","","","","","","","","","","09:10:46.156","","","","","","",""
"7954","vapor2","","","","","","","","","","","","","[2, 0, 0, 0, 0, 0, 0, 0, 0, 0, 0, 0, 0, 0, 0, 0]","3","","","","","","","2019-09-09","","[0.2555415, 0.20162934, 0.6719738, 0.6652032]","[0.2555415, 0.20162934, 0.6719738, 0.6652032]","3","3","[1, 0, 0, 0, 0, 0, 0, 0, 0, 0, 0, 0, 0, 0, 0, 0]","3","[1, 0, 0, 0, 0, 0, 0, 0, 0, 0, 0, 0, 0, 0, 0, 0]","3","","","","","[0.7373169, 5.991405, 7.728506]","[0.7373169, 5.991405, 7.728506]","3","3","","[0]","0","","[1008.6984]","[1008.6984]","3","3","[0.74754333, 6.146744, 7.7762604]","[0.74754333, 6.146744, 7.7762604]","2","2","[0.74754333, 6.146744, 7.7762604, 0, 0, 0]","[0.74754333, 6.146744, 7.7762604, 0, 0, 0]","3","3","[-0.014343262, -0.0037078857, 0.0025634766]","[-0.014343262, -0.0037078857, 0.0025634766]","3","3","[-0.0018157959, 0.046554565, -0.024429321, 0.012527466, 0.05026245, -0.026992798]","[-0.0018157959, 0.046554565, -0.024429321, 0.012527466, 0.05026245, -0.026992798]","3","3","[769]","[769]","3","3","[0.0011963844, 0.08196068, -0.046898365]","[0.0011963844, 0.08196068, -0.046898365]","3","3","","","","","[3.026404E-39, 3.137392E-39, 128, 0, 0, 0, 0, 0, 0, 0, 0, 0, 0, 0, 0, 0]","","","3","[1]","[1]","3","3","[1, 2, 70, -5.820766E-11, -6.1846084E-11, -8.858008E-11, 0, 0, -5.820766E-11, -5.9608374E-11, -6.184753E-11, 2.8E-45, -6.1846084E-11, -6.185613E-11, -5.9608374E-11, -5.844519E-11]","3","","[1, 0, 0, 0, 0, 0, 0, 0, 0, 0, 0, 0, 0, 0, 0, 0]","3","","","","","","","[8272]","[3]","3","3","[1]","[1]","3","3","09:10:48.203","","","","","","",""
"8002","vapor2","","","","","","","","","","","","","[2, 0, 0, 0, 0, 0, 0, 0, 0, 0, 0, 0, 0, 0, 0, 0]","3","","","","","[10, 0.81693697, -5.844486E-11, -5.820766E-11, -6.1846084E-11, -8.858008E-11, 0, -8.8429965E-11, -5.820766E-11, -5.961015E-11, -6.184753E-11, 2.8E-45, -6.1846084E-11, -6.185613E-11, -5.961015E-11, -5.844519E-11]","3","2019-09-15","","[3.9800088E-4, 0.04534777, 0.019503858, 0.99878085]","[3.9800088E-4, 0.04534777, 0.019503858, 0.99878085]","3","3","[1, 0, 0, 0, 0, 0, 0, 0, 0, 0, 0, 0, 0, 0, 0, 0]","3","[0, 0, 0, 0, 0, 0, 0, 0, 0, 0, 0, 0, 0, 0, 0, 0]","3","","","","","[-0.94340736, 0.04938688, 9.761042]","[-0.8881829, 0.025143705, 9.7663145]","3","3","[69]","[69]","3","3","[1007.8725]","[1007.8725]","3","3","[-0.98605347, 0.11180115, 10.02742]","[-0.98605347, 0.11180115, 10.02742]","2","2","[-0.98605347, 0.11180115, 10.02742, 0, 0, 0]","[-0.98605347, 0.11180115, 10.02742, 0, 0, 0]","3","3","[-2.2888184E-4, 0.004348755, -0.0074920654]","[-2.2888184E-4, 0.004348755, -0.0074920654]","3","3","[0.019302368, 0.056930542, -0.014785767, 0.01953125, 0.052581787, -0.007293701]","[0.019302368, 0.056930542, -0.014785767, 0.01953125, 0.052581787, -0.007293701]","3","3","[19]","[19]","3","3","[0.0013215542, 0.041638806, -0.028183937]","[-0.045519352, 0.043583818, 0.033198357]","3","3","","","","","[7.992E-42, 1.2096E-41, 0, 0, 0, 0, 0, 0, 0, 0, 0, 0, 0, 0, 0, 0]","","","3","[0]","[0]","3","3","","","","[1, 0, 0, 0, 0, 0, 0, 0, 0, 0, 0, 0, 0, 0, 0, 0]","3","","","","","","","[20327]","[125]","3","3","","","","","17:29:16.110","","","","","","",""
"8003","vapor2","","","","","","","","","","","","","[1, 0, 0, 0, 0, 0, 0, 0, 0, 0, 0, 0, 0, 0, 0, 0]","3","","","","","[10, 0.70786786, -5.844486E-11, -5.820766E-11, -6.1846084E-11, -8.858008E-11, 0, -8.8429965E-11, -5.820766E-11, -5.961015E-11, -6.184753E-11, 2.8E-45, -6.1846084E-11, -6.185613E-11, -5.961015E-11, -5.844519E-11]","3","2019-09-15","","[0.257517, -0.0062426054, -0.62645185, 0.73566574]","[0.257517, -0.0062426054, -0.62645185, 0.73566574]","3","3","[1, 0, 0, 0, 0, 0, 0, 0, 0, 0, 0, 0, 0, 0, 0, 0]","3","[1, 0, 0, 0, 0, 0, 0, 0, 0, 0, 0, 0, 0, 0, 0, 0]","3","","","","","[-3.0739837, 3.7923715, 8.50523]","[-3.0739837, 3.7923715, 8.50523]","3","3","[69]","[69]","3","3","[1008.13]","[1008.13]","3","3","[-3.0931702, 3.8965302, 8.645569]","[-3.0931702, 3.8965302, 8.645569]","2","2","[-3.0931702, 3.8965302, 8.645569, 0, 0, 0]","[-3.0931702, 3.8965302, 8.645569, 0, 0, 0]","3","3","[-0.037490845, 0.04711914, -0.027648926]","[-0.037490845, 0.04711914, -0.027648926]","3","3","[-0.017959595, 0.09970093, -0.034942627, 0.01953125, 0.052581787, -0.007293701]","[-0.017959595, 0.09970093, -0.034942627, 0.01953125, 0.052581787, -0.007293701]","3","3","[15]","[15]","3","3","[0.038974524, 0.032405615, -0.020583153]","[0.038974524, 0.032405615, -0.020583153]","3","3","","","","","[1.306456E-39, 6.85682E-40, 128, 0, 0, 0, 0, 0, 0, 0, 0, 0, 0, 0, 0, 0]","","","3","[1]","[1]","3","3","[5, 2.178212, 67, -5.820766E-11, -6.1846084E-11, -8.858008E-11, 0, 0, -5.820766E-11, -5.9608374E-11, -6.184753E-11, 2.8E-45, -6.1846084E-11, -6.185613E-11, -5.9608374E-11, -5.8445526E-11]","3","","[1, 0, 0, 0, 0, 0, 0, 0, 0, 0, 0, 0, 0, 0, 0, 0]","3","","","","","","","[20331]","[127]","3","3","[1]","[1]","3","3","17:47:15.094","","","","","","",""
"8004","vapor2","","","","","","","","","","","","","","","","","","","","","2019-09-15","","","","","","","","","","","","","","","","","","","","","","","","","","","","","","","","","","","","","","","","","","","","","","","","","","","","","","","","","","","","","","","","","","","","","","","","1","","","","","","","","","17:48:30.114","","","","","","",""
"8005","vapor2","","","1","","","","","","","","","","","","","","","","","","2019-09-15","","","","","","","","","","","","","","","","","","","","","","","","","","","","","","","","","","","","","","","","","","","","","","","","","","","","","","","","","","","","","","","","","","","","","","","","","","","","","","","","","17:48:33.263","","","","","","",""
"8006","vapor2","","1","","","","","","","","","","","","","","","","","","","2019-09-15","","","","","","","","","","","","","","","","","","","","","","","","","","","","","","","","","","","","","","","","","","","","","","","","","","","","","","","","","","","","","","","","","","","","","","","","","","","","","","","","","17:48:35.690","","","","","","",""
"8007","vapor2","","","","","","","","","","","","","","","","","","","","","2019-09-15","","","","","","","","","","","","","","","","","","","","","","","","","","","","","","","","","","","","","","","","","","","","","","","","","","","","","","","","","","","","","","","","","","","","","","","","","","","","","","","","","17:48:40.469","1","","","","","",""
"8008","vapor2","","","","","","","","","","","","","","","","","","","","","2019-09-15","","","","","","","","","","","","","","","","","","","","","","","","","","","","","","","","","","","","","","","","","","","","","","","","","","","","","","","","","","","","","","","","","","","","","","","","","","","","","","","","","17:48:41.023","0","","","","","",""
"8009","vapor2","","","","","","","","","","","","","","","","","","","","","2019-09-15","","","","","","","","","","","","","","","","","","","","","","","","","","","","","","","","","","","","","","","","","","","","","","","","","","","","","","","","","","","","","","","","","","","","","","","","","","","","","","","","","17:48:41.690","0","","","","","",""
"8010","vapor2","","","","","","","","","","","","","","","","","","","","","2019-09-15","","","","","","","","","","","","","","","","","","","","","","","","","","","","","","","","","","","","","","","","","","","","","","","","","","","","","","","","","","","","","","","","","","","","","","","","","","","","","","","","","17:48:42.242","0","","","","","",""
"8011","vapor2","","","","","","","","","","","","","","","","","","","","","2019-09-15","","","","","","","","","","","","","","","","","","","","","","","","","","","","","","","","","","","","","","","","","","","","","","","","","","","","","","","","","","","","","","","","","","","","","","","","","","","","","","","","","17:48:42.573","0","","","","","",""
"8012","vapor2","","","","","","","","","","","","","","","","","","","","","2019-09-15","","","","","","","","","","","","","","","","","","","","","","","","","","","","","","","","","","","","","","","","","","","","","","","","","","","","","","","","","","","","","","","","","","","","","","","","","","","","","","","","","17:48:43.038","0","","","","","",""
"8013","vapor2","","","","","","","","","","","","","","","","","","","","","2019-09-15","","","","","","","","","","","","","","","","","","","","","","","","","","","","","","","","","","","","","","","","","","","","","","","","","","","","","","","","","","","","","","","","","","","","","","","","","","","","","","","","","17:48:43.567","0","","","","","",""
"8014","vapor2","","","","","","","","","","","","","","","","","","","","","2019-09-15","","","","","","","","","","","","","","","","","","","","","","","","","","","","","","","","","","","","","","","","","","","","","","","","","","","","","","","","","","","","","","","","","","","","","","","","","","","","","","","","","17:48:45.014","0","","","","","",""
"8015","vapor2","","","","","","","","","","","","","","","","","","","","","2019-09-15","","","","","","","","","","","","","","","","","","","","","","","","","","","","","","","","","","","","","","","","","","","","","","","","","","","","","","","","","","","","","","","","","","","","","","","","","","","","","","","","","17:48:45.968","0","","","","","",""
"8016","vapor2","","","","","","","","","","","","","","","","","","","","","2019-09-15","","","","","","","","","","","","","","","","","","","","","","","","","","","","","","","","","","","","","","","","","","","","","","","","","","","","","","","","","","","","","","","","","","","","","","","","","","","","","","","","","17:48:46.343","0","","","","","",""
"8017","vapor2","","","","","","","","","","","","","","","","","","","","","2019-09-15","","","","","","","","","","","","","","","","","","","","","","","","","","","","","","","","","","","","","","","","","","","","","","","","","","","","","","","","","","","","","","","","","","","","","","","","","","","","","","","","","17:48:47.009","0","","","","","",""
"8018","vapor2","","","","","","","","","","","","","","","","","","","","","2019-09-15","","","","","","","","","","","","","","","","","","","","","","","","","","","","","","","","","","","","","","","","","","","","","","","","","","","","","","","","","","","","","","","","","","","","","","","","","","","","","","","","","17:48:47.020","0","","","","","",""
"8019","vapor2","","","","","","","","","","","","","","","","","","","","","2019-09-15","","","","","","","","","","","","","","","","","","","","","","","","","","","","","","","","","","","","","","","","","","","","","","","","","","","","","","","","","","","","","","","","","","","","","","","","","","","","","","","","","17:49:05.248","11","","","","","",""
"8020","vapor2","","","","","","","","","","","","","","","","","","","","","2019-09-15","","","","","","","","","","","","","","","","","","","","","","","","","","","","","","","","","","","","","","","","","","","","","","","","","","","","","","","","","","","","","","","","","","","","","","","","","","","","","","","","","17:49:06.550","0","","","","","",""
"8021","vapor2","","","","","","","","","","","","","","","","","","","","","2019-09-15","","","","","","","","","","","","","","","","","","","","","","","","","","","","","","","","","","","","","","","","","","","","","","","","","","","","","","","","","","","","","","","","","","","","","","","","","","","","","","","","","17:49:12.135","3","","","","","",""
"8022","vapor2","","","","","","","","","","","","","","","","","","","","","2019-09-15","","","","","","","","","","","","","","","","","","","","","","","","","","","","","","","","","","","","","","","","","","","","","","","","","","","","","","","","","","","","","","","","","","","","","","","","","","","","","","","","","17:49:12.511","0","","","","","",""
"8023","vapor2","","","","","","","","","","","","","","","","","","","","","2019-09-15","","","","","","","","","","","","","","","","","","","","","","","","","","","","","","","","","","","","","","","","","","","","","","","","","","","","","","","","","","","","","","","","","","","","","","","","","","","","","","","","","17:49:13.105","0","","","","","",""
"8024","vapor2","","","","","","","","","","","","","","","","","","","","","2019-09-15","","","","","","","","","","","","","","","","","","","","","","","","","","","","","","","","","","","","","","","","","","","","","","","","","","","","","","","","","","","","","","","","1","","","","","","","","","","","","","","","","","17:49:15.417","","","","","","",""
"8025","vapor2","","","1","","","","","","","","","","","","","","","","","","2019-09-15","","","","","","","","","","","","","","","","","","","","","","","","","","","","","","","","","","","","","","","","","","","","","","","","","","","","","","","","","","","","","","","","","","","","","","","","","","","","","","","","","17:49:18.749","","","","","","",""
"8026","vapor2","","","","","","","","","","","","","","","","","","","","","2019-09-15","","","","","","","","","","","","","","","","","","","","","","","","","","","","","","","","","","","","","","","","","","","","","","","","","","","","","","","","","","","","","","","","","","","","","","","","1","","","","","","","","","18:40:22.628","","","","","","",""
"8027","vapor2","","","","1","","","","","","","","","","","","","","","","","2019-09-15","","","","","","","","","","","","","","","","","","","","","","","","","","","","","","","","","","","","","","","","","","","","","","","","","","","","","","","","","","","","","","","","","","","","","","","","","","","","","","","","","18:40:25.716","","","","","","",""
"8028","vapor2","1","","","","","","","","","","","","","","","","","","","","2019-09-15","","","","","","","","","","","","","","","","","","","","","","","","","","","","","","","","","","","","","","","","","","","","","","","","","","","","","","","","","","","","","","","","","","","","","","","","","","","","","","","","","18:40:29.718","","","","","","",""
"8029","vapor2","","","","","","","","","","","","","","","","","","","","","2019-09-15","","","","","","","","","","","","","","","","","","","","","","","","","","","","","","","","","","","","","","","","","","","","","","","","","","","","","","","","","","","","","","","","","","","","","","","","","","","","","","","","","18:40:30.697","0","","","","","",""
"8030","vapor2","","","","","","","","","","","","","","","","","","","","","2019-09-15","","","","","","","","","","","","","","","","","","","","","","","","","","","","","","","","","","","","","","","","","","","","","","","","","","","","","","","","","","","","","","","","","","","","","","","","","","","","","","","","","18:40:40.651","6","","","","","",""
"8031","vapor2","","","","","","","","","","","","","","","","","","","","","2019-09-15","","","","","","","","","","","","","","","","","","","","","","","","","","","","","","","","","","","","","","","","","","","","","","","","","","","","","","","","","","","","","","","","","","","","","","","","","","","","","","","","","18:40:41.007","0","","","","","",""
"8032","vapor2","","","","","","","","","","","","","","","","","","","","","2019-09-15","","","","","","","","","","","","","","","","","","","","","","","","","","","","","","","","","","","","","","","","","","","","","","","","","","","","","","","","","","","","","","","","","","","","","","","","","","","","","","","","","18:40:44.041","0","","","","","",""
"8033","vapor2","","","","","","","","","","","","","","","","","","","","","2019-09-15","","","","","","","","","","","","","","","","","","","","","","","","","","","","","","","","","","","","","","","","","","","","","","","","","","","","","","","","","","","","","","","","","","","","","","","","","","","","","","","","","18:40:46.199","0","","","","","",""
"8034","vapor2","","","","","","","","","","","","","","","","","","","","","2019-09-15","","","","","","","","","","","","","","","","","","","","","","","","","","","","","","","","","","","","","","","","","","","","","","","","","","","","","","","","","","","","","","","","","","","","","","","","","","","","","","","","","18:40:49.007","0","","","","","",""
"8035","vapor2","","","","","","","","","","","","","","","","","","","","","2019-09-15","","","","","","","","","","","","","","","","","","","","","","","","","","","","","","","","","","","","","","","","","","","","","","","","","","","","","","","","","","","","","","","","","","","","","","","","","","","","","","","","","18:40:50.062","0","","","","","",""
"8036","vapor2","","","","","","","","","","","","","","","","","","","","","2019-09-15","","","","","","","","","","","","","","","","","","","","","","","","","","","","","","","","","","","","","","","","","","","","","","","","","","","","","","","","","","","","","","","","","","","","","","","","","","","","","","","","","18:40:51.350","0","","","","","",""
"8037","vapor2","","","","","","","","","","","","","","","","","","","","","2019-09-15","","","","","","","","","","","","","","","","","","","","","","","","","","","","","","","","","","","","","","","","","","","","","","","","","","","","","","","","","","","","","","","","","","","","","","","","","","","","","","","","","18:40:52.566","0","","","","","",""
"8038","vapor2","","","","","","","","","","","","","","","","","","","","","2019-09-15","","","","","","","","","","","","","","","","","","","","","","","","","","","","","","","","","","","","","","","","","","","","","","","","","","","","","","","","","","","","","","","","","","","","","","","","","","","","","","","","","18:40:54.070","0","","","","","",""
"8039","vapor2","","","","","","","","","","","","","[2, 0, 0, 0, 0, 0, 0, 0, 0, 0, 0, 0, 0, 0, 0, 0]","3","","","","","[10, 0.6924416, -5.844519E-11, -5.820766E-11, -6.1846084E-11, -8.858008E-11, 0, -8.8429965E-11, -5.820766E-11, -5.961015E-11, -6.184753E-11, 2.8E-45, -6.1846084E-11, -6.185613E-11, -5.961015E-11, -5.844536E-11]","3","2019-09-15","","[0.49897388, 0.100759484, 0.5712626, 0.64384127]","[0.49897388, 0.100759484, 0.5712626, 0.64384127]","3","3","[1, 0, 0, 0, 0, 0, 0, 0, 0, 0, 0, 0, 0, 0, 0, 0]","3","[1, 0, 0, 0, 0, 0, 0, 0, 0, 0, 0, 0, 0, 0, 0, 0]","3","","","","","[4.3183, 7.4299126, 4.7243066]","[4.3183, 7.4299126, 4.7243066]","3","3","[103]","[103]","2","2","[1007.9945]","[1007.9945]","3","3","[3.679947, 7.2105865, 5.531784]","[4.4184875, 7.5606537, 4.692154]","2","3","[4.407242, 7.5018005, 4.6960907, 0, 0, 0]","[4.482254, 7.5523987, 4.6286163, 0, 0, 0]","3","3","[-0.06619263, -0.05545044, -0.0024261475]","[-0.06619263, -0.05545044, -0.0024261475]","3","3","[-0.046661377, -0.0028686523, -0.009719849, 0.01953125, 0.052581787, -0.007293701]","[-0.046661377, -0.0028686523, -0.009719849, 0.01953125, 0.052581787, -0.007293701]","3","3","[35]","[35]","3","3","[0.023841381, 0.06365538, -0.094758034]","[0.023841381, 0.06365538, -0.094758034]","3","3","","","","","[7.2087E-41, 8.45011E-40, 128, 0, 0, 0, 0, 0, 0, 0, 0, 0, 0, 0, 0, 0]","","","3","[1]","[1]","3","3","","","","[1, 0, 0, 0, 0, 0, 0, 0, 0, 0, 0, 0, 0, 0, 0, 0]","3","","","","","","","[20614]","[127]","3","3","","","","","18:40:54.299","","","","","","",""
"8040","vapor2","","","","","","","","","","","","","","","","","","","","","2019-09-15","","","","","","","","","","","","","","","","","","","","","","","","","","","","","","","","","","","","","","","","","","","","","","","","","","","","","","","","","","","","","","","","","","","","","","","","","","","","","","","","","18:41:00.210","2","","","","","",""
"8041","vapor2","","","","","","","","","","","","","","","","","","","","","2019-09-15","","","","","","","","","","","","","","","","","","","","","","","","","","","","","","","","","","","","","","","","","","","","","","","","","","","","","","","","","","","","","","","","1","","","","","","","","","","","","","","","","","18:41:02.433","","","","","","",""
"8042","vapor2","","","1","","","","","","","","","","","","","","","","","","2019-09-15","","","","","","","","","","","","","","","","","","","","","","","","","","","","","","","","","","","","","","","","","","","","","","","","","","","","","","","","","","","","","","","","","","","","","","","","","","","","","","","","","18:41:04.090","","","","","","",""
"8044","vapor2","","","","","[820.0119, -59.873962, 1366.3757]","[820.0119, -59.873962, 1366.3757]","0","0","[420.46967, -51.335144, 691.922, -399.54224, 8.538818, -674.45374]","[420.46967, -51.335144, 691.922, -399.54224, 8.538818, -674.45374]","3","3","[2, 0, 0, 0, 0, 0, 0, 0, 0, 0, 0, 0, 0, 0, 0, 0]","3","[999.74695]","[999.74695]","3","3","[9, 0.8, -3.2832145E-34, -3.2500068E-34, -4.8317253E-13, -9.3677284E-14, 0, -9.197305E-14, -3.2500068E-34, -9.246934E-29, -4.831838E-13, 2.8E-45, -4.8317253E-13, -4.83251E-13, -9.246934E-29, -3.2832365E-34]","3","2019-09-24","","[-0.59934974, -0.50767875, 0.47299725, 0.39914364]","[-0.59934974, -0.50767875, 0.47299725, 0.39914364]","3","3","","","","","[-0.79009736, -0.1684339, 0.20704027, 0.55182475, 0]","[-0.79009736, -0.1684339, 0.20704027, 0.55182475, 0]","3","3","[-1.5858152, -9.401779, -2.2939317]","[-1.5858152, -9.401779, -2.2939317]","3","3","","","","","","","","","[12.048813, -6.714615, -2.1445618]","[-2.1235046, -11.209778, -2.3932953]","2","3","[-1.4681091, -9.428558, -3.4536743, 0, 0, 0]","[-2.1873932, -11.425247, -2.1635895, 0, 0, 0]","3","3","[-0.08526611, 0.56669617, 0.22747803]","[-0.21916199, -0.5930786, 0.13334656]","3","3","[-0.019485474, 0.60369873, 0.15765381, 0.06578064, 0.037002563, -0.06982422]","[-0.15338135, -0.55607605, 0.06352234, 0.06578064, 0.037002563, -0.06982422]","3","3","","","","","[-0.8303162, -2.6130066, 1.0674992]","[-0.8303162, -2.6130066, 1.0674992]","3","3","[335.4225, 103.71163, -9.306057]","[335.4225, 103.71163, -9.306057]","0","0","[0, 0, 0, 0, 0, 0, 0, 0, 0, 0, 0, 0, 0, 0, 0, 0]","[0, 0, 0, 0, 0, 0, 0, 0, 0, 0, 0, 0, 0, 0, 0, 0]","3","3","","","","","[73, 1.8218911, 97, -3.2500068E-34, -4.8317253E-13, -9.3677284E-14, 0, -9.197305E-14, -3.2500068E-34, -9.6831184E-29, -4.831838E-13, 2.8E-45, -4.8317253E-13, -4.83251E-13, -9.6831184E-29, -3.2833633E-34]","3","","[2, 0, 0, 0, 0, 0, 0, 0, 0, 0, 0, 0, 0, 0, 0, 0]","3","[-0.7765706, -0.11788131, 0.19336191, 0.5879228, 0]","[-0.7765706, -0.11788131, 0.19336191, 0.5879228, 0]","3","3","[1]","","[3467]","[138]","3","3","[1]","[1]","3","3","11:07:52.224","","","","","","[0]","3"
"8045","vapor2","","","","","[793.6447, -69.30237, 1370.7932]","[793.6447, -69.30237, 1370.7932]","0","0","[394.10248, -60.76355, 696.3394, -399.54224, 8.538818, -674.45374]","[394.10248, -60.76355, 696.3394, -399.54224, 8.538818, -674.45374]","3","3","[2, 0, 0, 0, 0, 0, 0, 0, 0, 0, 0, 0, 0, 0, 0, 0]","3","[1000.92896]","[1000.9308]","3","3","[10, 0.8278568, -3.1012516E-34, -3.0092655E-34, -4.8317253E-13, -9.3677284E-14, 0, -9.197305E-14, -3.0092655E-34, -9.246934E-29, -4.831838E-13, 2.8E-45, -4.8317253E-13, -4.83251E-13, -9.246934E-29, -3.1012572E-34]","3","2019-09-24","","[-0.44362688, 0.66614336, -0.5534276, 0.23057824]","[-0.44362688, 0.66614336, -0.5534276, 0.23057824]","3","3","","","","","[-0.7512986, -0.27371567, 0.09524483, 0.59292376, 0]","[-0.7512986, -0.27371567, 0.09524483, 0.59292376, 0]","3","3","[1.8027982, -9.2369375, -2.756682]","[1.8027982, -9.2369375, -2.756682]","3","3","","","","","","","","","[12.048813, -6.714615, -2.1445618]","[0.75875854, -10.365341, -1.4720612]","2","3","[1.240799, -11.369736, -1.6234131, 0, 0, 0]","[0.66711426, -10.156937, -1.5050812, 0, 0, 0]","3","3","[-0.1035614, 1.2132721, 0.19430542]","[-0.1035614, 1.2132721, 0.19430542]","3","3","[-0.035858154, 1.2498627, 0.12472534, 0.06770325, 0.036590576, -0.06958008]","[-0.035858154, 1.2498627, 0.12472534, 0.06770325, 0.036590576, -0.06958008]","3","3","","","","","[-0.120462656, -2.1544905, 0.03364849]","[-0.120462656, -2.1544905, 0.03364849]","3","3","[270.28665, 106.61726, 10.593172]","[270.28665, 106.61726, 10.593172]","0","0","[0, 0, 0, 0, 0, 0, 0, 0, 0, 0, 0, 0, 0, 0, 0, 0]","[0, 0, 0, 0, 0, 0, 0, 0, 0, 0, 0, 0, 0, 0, 0, 0]","3","3","","","","","[4, 2.3093102, 66, -3.0092655E-34, -4.8317253E-13, -9.3677284E-14, 0, -9.197305E-14, -3.0092655E-34, -9.6831184E-29, -4.831838E-13, 2.8E-45, -4.8317253E-13, -4.83251E-13, -9.6831184E-29, -3.1011084E-34]","3","","[2, 0, 0, 0, 0, 0, 0, 0, 0, 0, 0, 0, 0, 0, 0, 0]","3","[-0.5270905, -0.60226846, 0.36716998, 0.4739563, 0]","[-0.5270905, -0.60226846, 0.36716998, 0.4739563, 0]","3","3","[1]","","[4060]","[141]","3","3","[1]","[1]","3","3","11:15:12.195","","","","","","[0]","3"
"8046","vapor2","","","","","[793.99567, -90.95459, 1379.2893]","[795.401, -90.25574, 1377.9297]","0","0","[395.85876, -81.71692, 703.47595, -399.54224, 8.538818, -674.45374]","[395.85876, -81.71692, 703.47595, -399.54224, 8.538818, -674.45374]","3","3","[1, 0, 0, 0, 0, 0, 0, 0, 0, 0, 0, 0, 0, 0, 0, 0]","3","[1000.248]","[1000.248]","3","3","[10, 0.9826865, -3.1008494E-34, -3.0092655E-34, -4.8317253E-13, -9.3677284E-14, 0, -9.197305E-14, -3.0092655E-34, -9.246934E-29, -4.831838E-13, 2.8E-45, -4.8317253E-13, -4.83251E-13, -9.246934E-29, -3.100899E-34]","3","2019-09-24","","[-0.6954951, -0.6879278, 0.16350925, 0.1277002]","[-0.6954951, -0.6879278, 0.16350925, 0.1277002]","3","3","","","","","[-0.89276886, -0.39988256, 0.10796884, 0.1772017, 0]","[-0.8927784, -0.39988488, 0.10799239, 0.17713404, 0]","3","3","[-0.5074201, -3.9481037, -8.962443]","[-0.5074201, -3.9481037, -8.962443]","3","3","","","","","","","","","[12.048813, -6.714615, -2.1445618]","[-0.48908997, -3.8616486, -8.762878]","2","3","[-0.48908997, -3.8616486, -8.762878, 0, 0, 0]","[-0.48908997, -3.8616486, -8.762878, 0, 0, 0]","3","3","[-3.8146973E-4, -0.0013885498, 0.0010223389]","[-3.8146973E-4, -0.0013885498, 0.0010223389]","3","3","[0.06726074, 0.036331177, -0.06933594, 0.06764221, 0.037719727, -0.07035828]","[0.06756592, 0.036453247, -0.06921387, 0.06764221, 0.037719727, -0.07035828]","3","3","","","","","[0.005144149, 1.3303757E-4, 2.2983551E-4]","[0.005144149, 1.3303757E-4, 2.2983551E-4]","3","3","[311.22842, 156.22571, -2.9659486]","[311.22842, 156.22571, -2.9659486]","0","0","[0, 0, 0, 0, 0, 0, 0, 0, 0, 0, 0, 0, 0, 0, 0, 0]","[0, 0, 0, 0, 0, 0, 0, 0, 0, 0, 0, 0, 0, 0, 0, 0]","3","3","","","","","[4, 2.3093102, 66, -3.0092655E-34, -4.8317253E-13, -9.3677284E-14, 0, -9.197305E-14, -3.0092655E-34, -9.6831184E-29, -4.831838E-13, 2.8E-45, -4.8317253E-13, -4.83251E-13, -9.6831184E-29, -3.1011084E-34]","3","","[1, 0, 0, 0, 0, 0, 0, 0, 0, 0, 0, 0, 0, 0, 0, 0]","3","[-0.893157, -0.39903384, 0.10808369, 0.17708893, 0]","[-0.893157, -0.39903384, 0.10808369, 0.17708893, 0]","3","3","[1]","","[4443]","[141]","3","3","[1]","[1]","3","3","12:19:39.748","","","","","","[0]","3"
"8047","vapor2","","","","","[793.99567, -90.95459, 1379.2893]","[795.401, -90.25574, 1377.9297]","0","0","[395.85876, -81.71692, 703.47595, -399.54224, 8.538818, -674.45374]","[395.85876, -81.71692, 703.47595, -399.54224, 8.538818, -674.45374]","3","3","[1, 0, 0, 0, 0, 0, 0, 0, 0, 0, 0, 0, 0, 0, 0, 0]","3","[1000.248]","[1000.248]","3","3","[10, 0.9826865, -3.1008494E-34, -3.0092655E-34, -4.8317253E-13, -9.3677284E-14, 0, -9.197305E-14, -3.0092655E-34, -9.246934E-29, -4.831838E-13, 2.8E-45, -4.8317253E-13, -4.83251E-13, -9.246934E-29, -3.100899E-34]","3","2019-09-24","","[-0.6954951, -0.6879278, 0.16350925, 0.1277002]","[-0.6954951, -0.6879278, 0.16350925, 0.1277002]","3","3","","","","","[-0.89276886, -0.39988256, 0.10796884, 0.1772017, 0]","[-0.8927784, -0.39988488, 0.10799239, 0.17713404, 0]","3","3","[-0.5074201, -3.9481037, -8.962443]","[-0.5074201, -3.9481037, -8.962443]","3","3","","","","","","","","","[12.048813, -6.714615, -2.1445618]","[-0.48908997, -3.8616486, -8.762878]","2","3","[-0.48908997, -3.8616486, -8.762878, 0, 0, 0]","[-0.48908997, -3.8616486, -8.762878, 0, 0, 0]","3","3","[-3.8146973E-4, -0.0013885498, 0.0010223389]","[-3.8146973E-4, -0.0013885498, 0.0010223389]","3","3","[0.06726074, 0.036331177, -0.06933594, 0.06764221, 0.037719727, -0.07035828]","[0.06756592, 0.036453247, -0.06921387, 0.06764221, 0.037719727, -0.07035828]","3","3","","","","","[0.005144149, 1.3303757E-4, 2.2983551E-4]","[0.005144149, 1.3303757E-4, 2.2983551E-4]","3","3","[311.22842, 156.22571, -2.9659486]","[311.22842, 156.22571, -2.9659486]","0","0","[0, 0, 0, 0, 0, 0, 0, 0, 0, 0, 0, 0, 0, 0, 0, 0]","[0, 0, 0, 0, 0, 0, 0, 0, 0, 0, 0, 0, 0, 0, 0, 0]","3","3","","","","","[4, 2.3093102, 66, -3.0092655E-34, -4.8317253E-13, -9.3677284E-14, 0, -9.197305E-14, -3.0092655E-34, -9.6831184E-29, -4.831838E-13, 2.8E-45, -4.8317253E-13, -4.83251E-13, -9.6831184E-29, -3.1011084E-34]","3","","[1, 0, 0, 0, 0, 0, 0, 0, 0, 0, 0, 0, 0, 0, 0, 0]","3","[-0.893157, -0.39903384, 0.10808369, 0.17708893, 0]","[-0.893157, -0.39903384, 0.10808369, 0.17708893, 0]","3","3","[1]","","[4443]","[141]","3","3","[1]","[1]","3","3","12:53:28.894","","","","","","[0]","3"
"8048","vapor2","","","","","[757.43256, -106.32019, 1295.6879]","[757.43256, -106.32019, 1295.6879]","0","0","[357.89032, -97.78137, 621.23413, -399.54224, 8.538818, -674.45374]","[357.89032, -97.78137, 621.23413, -399.54224, 8.538818, -674.45374]","3","3","[1, 0, 0, 0, 0, 0, 0, 0, 0, 0, 0, 0, 0, 0, 0, 0]","3","[999.4721]","[999.4721]","3","3","[10, 0.6615366, -3.1653014E-34, -3.1296362E-34, -4.8317253E-13, -9.3677284E-14, 0, -9.197305E-14, -3.1296362E-34, -9.246934E-29, -4.831838E-13, 2.8E-45, -4.8317253E-13, -4.83251E-13, -9.246934E-29, -3.165318E-34]","3","2019-09-24","","[0.018308004, -0.13462266, -0.7456217, 0.6523725]","[0.018308004, -0.13462266, -0.7456217, 0.6523725]","3","3","","","","","[0.1184929, 0.06730408, 0.8838112, 0.4475571, 0]","[0.1184929, 0.06730408, 0.8838112, 0.4475571, 0]","3","3","[1.4664356, 2.2054024, 9.442254]","[1.4547827, 2.2029893, 9.444619]","3","3","[79]","[79]","0","0","","","","","[1.5236359, 2.2801208, 9.777069]","[1.5117798, 2.2817993, 9.781387]","2","3","[1.5212402, 2.2795258, 9.777908, 0, 0, 0]","[1.5107117, 2.2817993, 9.781494, 0, 0, 0]","3","3","[-0.0015869141, 0.0017852783, -0.0019073486]","[-0.0015869141, 0.0017852783, -0.0019073486]","3","3","[0.06640625, 0.037734985, -0.06854248, 0.067993164, 0.035949707, -0.06663513]","[0.06640625, 0.037734985, -0.06854248, 0.067993164, 0.035949707, -0.06663513]","3","3","","","","","[0.0056997538, -0.0029735565, -0.0017614365]","[-0.0013366938, 0.0020968914, -9.241104E-4]","3","3","[58.819122, -13.129678, 8.531118]","[58.819122, -13.129678, 8.531118]","0","0","[133546, 100870, 128, 0, 0, 0, 0, 0, 0, 0, 0, 0, 0, 0, 0, 0]","[133948, 101243, 128, 0, 0, 0, 0, 0, 0, 0, 0, 0, 0, 0, 0, 0]","3","3","","","","","[4, 2.3093102, 66, -3.0092655E-34, -4.8317253E-13, -9.3677284E-14, 0, -9.197305E-14, -3.0092655E-34, -9.6831184E-29, -4.831838E-13, 2.8E-45, -4.8317253E-13, -4.83251E-13, -9.6831184E-29, -3.1011084E-34]","3","","[1, 0, 0, 0, 0, 0, 0, 0, 0, 0, 0, 0, 0, 0, 0, 0]","3","[0.0627855, -0.12098359, -0.4795508, 0.8668633, 0]","[0.06303406, -0.12035426, -0.47907037, 0.86719847, 0]","3","3","[1]","","[4445]","[141]","3","3","[1]","[1]","3","3","14:47:54.327","","","","[1]","3","[427]","3"
"8049","vapor2","","","","","[757.43256, -106.32019, 1295.6879]","[757.43256, -106.32019, 1295.6879]","0","0","[357.89032, -97.78137, 621.23413, -399.54224, 8.538818, -674.45374]","[357.89032, -97.78137, 621.23413, -399.54224, 8.538818, -674.45374]","3","3","[1, 0, 0, 0, 0, 0, 0, 0, 0, 0, 0, 0, 0, 0, 0, 0]","3","[999.4721]","[999.4721]","3","3","[10, 0.6615366, -3.1653014E-34, -3.1296362E-34, -4.8317253E-13, -9.3677284E-14, 0, -9.197305E-14, -3.1296362E-34, -9.246934E-29, -4.831838E-13, 2.8E-45, -4.8317253E-13, -4.83251E-13, -9.246934E-29, -3.165318E-34]","3","2019-09-24","","[0.018308004, -0.13462266, -0.7456217, 0.6523725]","[0.018308004, -0.13462266, -0.7456217, 0.6523725]","3","3","","","","","[0.1184929, 0.06730408, 0.8838112, 0.4475571, 0]","[0.1184929, 0.06730408, 0.8838112, 0.4475571, 0]","3","3","[1.4664356, 2.2054024, 9.442254]","[1.4547827, 2.2029893, 9.444619]","3","3","[79]","[79]","0","0","","","","","[1.5236359, 2.2801208, 9.777069]","[1.5117798, 2.2817993, 9.781387]","2","3","[1.5212402, 2.2795258, 9.777908, 0, 0, 0]","[1.5107117, 2.2817993, 9.781494, 0, 0, 0]","3","3","[-0.0015869141, 0.0017852783, -0.0019073486]","[-0.0015869141, 0.0017852783, -0.0019073486]","3","3","[0.06640625, 0.037734985, -0.06854248, 0.067993164, 0.035949707, -0.06663513]","[0.06640625, 0.037734985, -0.06854248, 0.067993164, 0.035949707, -0.06663513]","3","3","","","","","[0.0056997538, -0.0029735565, -0.0017614365]","[-0.0013366938, 0.0020968914, -9.241104E-4]","3","3","[58.819122, -13.129678, 8.531118]","[58.819122, -13.129678, 8.531118]","0","0","[133546, 100870, 128, 0, 0, 0, 0, 0, 0, 0, 0, 0, 0, 0, 0, 0]","[133948, 101243, 128, 0, 0, 0, 0, 0, 0, 0, 0, 0, 0, 0, 0, 0]","3","3","","","","","[4, 2.3093102, 66, -3.0092655E-34, -4.8317253E-13, -9.3677284E-14, 0, -9.197305E-14, -3.0092655E-34, -9.6831184E-29, -4.831838E-13, 2.8E-45, -4.8317253E-13, -4.83251E-13, -9.6831184E-29, -3.1011084E-34]","3","","[1, 0, 0, 0, 0, 0, 0, 0, 0, 0, 0, 0, 0, 0, 0, 0]","3","[0.0627855, -0.12098359, -0.4795508, 0.8668633, 0]","[0.06303406, -0.12035426, -0.47907037, 0.86719847, 0]","3","3","[1]","","[4445]","[141]","3","3","[1]","[1]","3","3","14:48:11.827","","","","[1]","3","[427]","3"
"8050","vapor2","","","","","","","","","","","","","","","","","","","","","2019-09-24","","","","","","","","","","","","","","","","","","","","","","","","","","","","","","","","","","","","","","","","","","","","","","","","","","","","","","","","","","","","","","","","1","","","","","","","","","","","","","","","","","14:48:13.477","","","","","","",""
"8051","vapor2","","","","1","","","","","","","","","","","","","","","","","2019-09-24","","","","","","","","","","","","","","","","","","","","","","","","","","","","","","","","","","","","","","","","","","","","","","","","","","","","","","","","","","","","","","","","","","","","","","","","","","","","","","","","","14:48:15.394","","","","","","",""
"8052","vapor2","","","","","","","","","","","","","","","","","","","","","2019-09-24","1","","","","","","","","","","","","","","","","","","","","","","","","","","","","","","","","","","","","","","","","","","","","","","","","","","","","","","","","","","","","","","","","","","","","","","","","","","","","","","","","14:48:16.146","","","","","","",""
"8053","vapor2","","","","","","","","","","","","","","","","","","","","","2019-09-27","","","","","","","","","","","","","","","","","","","","","","","","","","","","","","","","","","","","","","","","","","","","","","","","","","","","","","","","","","","","","","","","","","","","","","","","1","","","","","","","","","12:03:55.139","","","","","","",""
"8054","vapor2","","","","","","","","","","","","","[2, 0, 0, 0, 0, 0, 0, 0, 0, 0, 0, 0, 0, 0, 0, 0]","3","","","","","[10, 0.7161719, -5.844486E-11, -5.820766E-11, -6.1846084E-11, -8.858008E-11, 0, 0, -5.820766E-11, -5.961015E-11, -6.184753E-11, 2.8E-45, -6.1846084E-11, -6.185613E-11, -5.961015E-11, -5.844519E-11]","3","2019-09-27","","[0.107026376, 0.39255917, 0.89136785, 0.19976641]","[0.107026376, 0.39255917, 0.89136785, 0.19976641]","3","3","[1, 0, 0, 0, 0, 0, 0, 0, 0, 0, 0, 0, 0, 0, 0, 0]","3","[1, 0, 0, 0, 0, 0, 0, 0, 0, 0, 0, 0, 0, 0, 0, 0]","3","","","","","[0.3330278, 7.282314, 6.559526]","[0.3330278, 7.282314, 6.559526]","3","3","[0]","[0]","0","1","[1006.0133]","[1006.0133]","3","3","[1.5309601, 4.9498596, 6.5518494]","[-2.496292, 1.7729034, 8.563614]","2","3","[-2.496292, 1.7729034, 8.563614, 0, 0, 0]","[-2.496292, 1.7729034, 8.563614, 0, 0, 0]","3","3","[1.4806824, 0.8444061, 3.5625]","[0.23098755, 1.1664581, 1.3417664]","3","3","[1.5016174, 0.89234924, 3.5388336, 0.020935059, 0.047943115, -0.023666382]","[0.2519226, 1.2144012, 1.3181, 0.020935059, 0.047943115, -0.023666382]","3","3","[818]","[818]","3","3","[0.7572545, -1.2695994, 0.8220463]","[0.7572545, -1.2695994, 0.8220463]","3","3","","","","","[8.91213E-40, 2.256737E-39, 128, 0, 0, 0, 0, 0, 0, 0, 0, 0, 0, 0, 0, 0]","","","3","[1]","[1]","3","3","[2, 1.8350663, 59, -5.820766E-11, -6.1846084E-11, -8.858008E-11, 0, 0, -5.820766E-11, -5.9608374E-11, -6.184753E-11, 2.8E-45, -6.1846084E-11, -6.185613E-11, -5.9608374E-11, -5.844519E-11]","3","","[2, 0, 0, 0, 0, 0, 0, 0, 0, 0, 0, 0, 0, 0, 0, 0]","3","","","","","","","[51501]","[198]","3","3","[1]","[1]","3","3","12:06:55.168","","[0, 0, 0, 0, 0, 0, 0, 0, 0, 0, 0, 0, 0, 0, 0, 0]","3","[1]","3","",""
"8055","vapor2","","","","","","","","","","","","","[2, 0, 0, 0, 0, 0, 0, 0, 0, 0, 0, 0, 0, 0, 0, 0]","3","","","","","[10, 0.6746788, -5.844619E-11, -5.820766E-11, -6.1846084E-11, -8.858008E-11, 0, 0, -5.820766E-11, -5.961015E-11, -6.184753E-11, 2.8E-45, -6.1846084E-11, -6.185613E-11, -5.961015E-11, -5.844636E-11]","3","2019-09-27","","[0.013789988, 0.1140474, 0.69146156, 0.71322083]","[0.013789988, 0.1140474, 0.69146156, 0.71322083]","3","3","[1, 0, 0, 0, 0, 0, 0, 0, 0, 0, 0, 0, 0, 0, 0, 0]","3","[1, 0, 0, 0, 0, 0, 0, 0, 0, 0, 0, 0, 0, 0, 0, 0]","3","","","","","[-1.4083475, 1.7395959, 9.547814]","[-1.4083475, 1.7395959, 9.547814]","3","3","[97]","[97]","1","1","[1005.8931]","[1005.8931]","3","3","[-1.2640991, 1.3804779, 9.546234]","[-1.5991058, 1.5049133, 9.817581]","2","3","[-1.2583618, 1.4156494, 9.7704315, 0, 0, 0]","[-1.5991058, 1.5049133, 9.817581, 0, 0, 0]","3","3","[-0.32122803, -0.13809204, 0.04260254]","[0.23477173, 0.029159546, -0.44792175]","3","3","[-0.30029297, -0.090148926, 0.018936157, 0.020935059, 0.047943115, -0.023666382]","[0.2557068, 0.07710266, -0.47158813, 0.020935059, 0.047943115, -0.023666382]","3","3","[836]","[836]","3","3","[-0.16383183, -0.2679423, 0.08722019]","[-0.16383183, -0.2679423, 0.08722019]","3","3","","","","","[7.46978E-40, 7.71926E-40, 128, 0, 0, 0, 0, 0, 0, 0, 0, 0, 0, 0, 0, 0]","","","3","[1]","[1]","3","3","[2, 1.8350663, 59, -5.820766E-11, -6.1846084E-11, -8.858008E-11, 0, 0, -5.820766E-11, -5.9608374E-11, -6.184753E-11, 2.8E-45, -6.1846084E-11, -6.185613E-11, -5.9608374E-11, -5.844519E-11]","3","","[1, 0, 0, 0, 0, 0, 0, 0, 0, 0, 0, 0, 0, 0, 0, 0]","3","","","","","","","[51513]","[198]","3","3","[1]","[1]","3","3","12:19:14.289","","[0, 0, 0, 0, 0, 0, 0, 0, 0, 0, 0, 0, 0, 0, 0, 0]","3","[1]","3","",""
"8056","vapor2","","","","","","","","","","","","","[2, 0, 0, 0, 0, 0, 0, 0, 0, 0, 0, 0, 0, 0, 0, 0]","3","","","","","[10, 0.92539823, -5.844736E-11, -5.820766E-11, -6.1846084E-11, -8.858008E-11, 0, 7.331844E-34, -5.820766E-11, -5.961015E-11, -6.184753E-11, 2.8E-45, -6.1846084E-11, -6.185613E-11, -5.961015E-11, -5.8447525E-11]","3","2019-09-27","","[0.07083121, -0.05627318, -0.7995074, 0.59380484]","[0.07083121, -0.05627318, -0.7995074, 0.59380484]","3","3","[1, 0, 0, 0, 0, 0, 0, 0, 0, 0, 0, 0, 0, 0, 0, 0]","3","[1, 0, 0, 0, 0, 0, 0, 0, 0, 0, 0, 0, 0, 0, 0, 0]","3","","","","","[-0.45531842, 1.7073523, 9.64614]","[-0.45531842, 1.7073523, 9.64614]","3","3","[97]","[97]","1","1","[1004.1141]","[1004.1141]","3","3","[0.10986328, 2.1401978, 9.826904]","[0.17326355, 2.124527, 9.844254]","2","3","[0.17326355, 2.124527, 9.844254, 0, 0, 0]","[0.17326355, 2.124527, 9.844254, 0, 0, 0]","3","3","[0.008651733, 0.048950195, -0.014266968]","[0.008651733, 0.048950195, -0.014266968]","3","3","[0.03012085, 0.09700012, -0.026763916, 0.021469116, 0.048049927, -0.012496948]","[0.03012085, 0.09700012, -0.026763916, 0.021469116, 0.048049927, -0.012496948]","3","3","[46]","[46]","3","3","[0.6251086, 0.43019903, 0.271698]","[0.6251086, 0.43019903, 0.271698]","3","3","","","","","[2.8E-45, 2.8E-45, 0, 0, 0, 0, 0, 0, 0, 0, 0, 0, 0, 0, 0, 0]","","","3","[0]","[0]","3","3","[25, 2.105987, 61, -5.820766E-11, -6.1846084E-11, -8.858008E-11, 0, 0, -5.820766E-11, -5.9608374E-11, -6.184753E-11, 2.8E-45, -6.1846084E-11, -6.185613E-11, -5.9608374E-11, -5.8445526E-11]","3","","[1, 0, 0, 0, 0, 0, 0, 0, 0, 0, 0, 0, 0, 0, 0, 0]","3","","","","","[1]","","[52837]","[395]","3","3","[1]","[1]","3","3","12:51:23.349","","[0, 0, 0, 0, 0, 0, 0, 0, 0, 0, 0, 0, 0, 0, 0, 0]","3","[1]","3","",""
"8057","vapor2","","","","","","","","","","","","","[2, 0, 0, 0, 0, 0, 0, 0, 0, 0, 0, 0, 0, 0, 0, 0]","3","","","","","[10, 0.73954946, -5.844503E-11, -5.820766E-11, -6.1846084E-11, -8.858008E-11, 0, 0, -5.820766E-11, -5.961015E-11, -6.184753E-11, 2.8E-45, -6.1846084E-11, -6.185613E-11, -5.961015E-11, -5.844519E-11]","3","2019-09-27","","[-0.4346171, -0.5537977, -0.43989733, 0.5575897]","[-0.4346171, -0.5537977, -0.43989733, 0.5575897]","3","3","[1, 0, 0, 0, 0, 0, 0, 0, 0, 0, 0, 0, 0, 0, 0, 0]","3","[0, 0, 0, 0, 0, 0, 0, 0, 0, 0, 0, 0, 0, 0, 0, 0]","3","","","","","[9.806235, 0.025029026, 0.08661091]","[9.806235, 0.025029026, 0.08661091]","3","3","[97]","[97]","1","1","[1004.063]","[1004.063]","3","3","[0.10986328, 2.1401978, 9.826904]","[9.90033, 0.016571045, 0.061798096]","2","3","[9.954895, -0.021240234, 0.08332825, 0, 0, 0]","[9.90033, 0.016571045, 0.061798096, 0, 0, 0]","3","3","[-0.035507202, -0.0051574707, -0.029281616]","[-0.035507202, -0.0051574707, -0.029281616]","3","3","[-0.014038086, 0.042892456, -0.041778564, 0.021469116, 0.048049927, -0.012496948]","[-0.014038086, 0.042892456, -0.041778564, 0.021469116, 0.048049927, -0.012496948]","3","3","[0]","[0]","3","3","[0.005841255, -0.04663378, -0.004544072]","[0.005841255, -0.04663378, -0.004544072]","3","3","","","","","[0, 0, 0, 0, 0, 0, 0, 0, 0, 0, 0, 0, 0, 0, 0, 0]","","","3","[0]","[0]","3","3","[26, 1.9596732, 55, -5.820766E-11, -6.1846084E-11, -8.858008E-11, 0, 0, -5.820766E-11, -5.9608374E-11, -6.184753E-11, 2.8E-45, -6.1846084E-11, -6.185613E-11, -5.9608374E-11, -5.8445526E-11]","3","","[1, 0, 0, 0, 0, 0, 0, 0, 0, 0, 0, 0, 0, 0, 0, 0]","3","","","","","[1]","","[52945]","[420]","3","3","[1]","[1]","3","3","13:12:09.848","","[0, 0, 0, 0, 0, 0, 0, 0, 0, 0, 0, 0, 0, 0, 0, 0]","3","[1]","3","",""
